original_column,canonical_column
AIIMS,AIIMS
AIIMS Jhajjar,AIIMS Jhajjar
AIPL Business Centre,AIPL Business Centre
AIPL Business Club,AIPL Business Club
AIPL Business Club Sector 62,AIPL Business Club Sector 62
AIPL Business Co Working Space,AIPL Business Co Working Space
AIPL Business Tower,AIPL Business Tower
AIPL Joy Street Mall,AIPL Joy Street Mall
APJ Abdul Kalam Park,APJ Abdul Kalam Park
ASF Insignia SEZ,ASF Insignia SEZ
Aapno Ghar,Aapno Ghar
AapnoGhar,Aapno Ghar
Aarvy Healthcare,Aarvy Healthcare
Aarvy Healthcare Hospital,Aarvy Healthcare Hospital
Aarvy Healthcare Super Speciality,Aarvy Healthcare Super Speciality
Aarvy Hospital,Aarvy Hospital
Arvy Hospital,Aarvy Hospital
Aatish Hospital,Aatish Hospital
Accenture DDC5,Accenture DDC5
Adarsh Senior Secondary School,Adarsh Senior Secondary School
"Adarsh public school,Garhi Harsaru","Adarsh public school,Garhi Harsaru"
Agri Business Management Collage,Agri Business Management Collage
Airia Mall,Airia Mall
Airia Mall Sector 68,Airia Mall Sector 68
Airport,Airport
Ajit Stadium Dhanwapur,Ajit Stadium Dhanwapur
Alfaa Health Care Hospital,Alfaa Health Care Hospital
Alpine Convent School,Alpine Convent School
Alpine Hospital,Alpine Hospital
Alpine School,Alpine School
Altrade Business Centre,Altrade Business Centre
Aman Hospital & Surgical Centre,Aman Hospital & Surgical Centre
Ambience Mall,Ambience Mall
Ambience Mall New,Ambience Mall New
Ambience Public School,Ambience Public School
American Express,American Express
Amity,Amity
Amity University,Amity University
Amity University Gurugram,Amity University Gurugram
Amma Hospital,Amma Hospital
Aman Hospital,Amma Hospital
Anand Multispeciality Hospital,Anand Multispeciality Hospital
Anand Preschool,Anand Preschool
Ananta Hospital,Ananta Hospital
Ansal Plaza,Ansal Plaza
Anya Gurgaon,Anya Gurgaon
Ap Sports cricket ground,Ap Sports cricket ground
Apex Plus Hospital,Apex Plus Hospital
Apollo,Apollo
Apollo Pharmacy,Apollo Pharmacy
Approved Sector 37 Mero Station,Approved Sector 37 Mero Station
Appu Ghar,Appu Ghar
Appu Ghar Water Park,Appu Ghar Water Park
Aradhya Cricket Club Gurgaon,Aradhya Cricket Club Gurgaon
Aravali Adventure Hill,Aravali Adventure Hill
Aravalli Hill View Point,Aravalli Hill View Point
Aravalli Hills,Aravalli Hills
Arc Hospital,Arc Hospital
Arc Multi Speciality,Arc Multi Speciality
Arc Multi Speciality Hospital,Arc Multi Speciality Hospital
Ardee Mall,Ardee Mall
Artemis,Artemis
Artemis Hospital Gurgaon,Artemis Hospital Gurgaon
Artemis Hospital,Artimis hospital
Artimis hospital,Artimis hospital
Aryan Hospital,Aryan Hospital
Ascendas OneHub Gurgaon,Ascendas OneHub Gurgaon
Ascendas OneHub Gurgaon Business Park,Ascendas OneHub Gurgaon Business Park
Ashiana Anmol  Kid Centric Homes,Ashiana Anmol  Kid Centric Homes
Ashoka International School,Ashoka International School
Athena,Athena
Au Grand Air,Au Grand Air
Axis Bank,Axis Bank
Axis Bank ATM,Axis Bank ATM
"Axis Bank, Sohna Rd","Axis Bank, Sohna Rd"
BM College of Technology,BM College of Technology
BM College of Technology & Mgmt,BM College of Technology & Mgmt
BML Munjal University (BMU),BML Munjal University (BMU)
BOB ATM,BOB ATM
BSF Golf Course,BSF Golf Course
Baba Kanala Chowk,Baba Kanala Chowk
Badsa AMS Hospital,Badsa AMS Hospital
Badshahpur Sohna Rd Hwy,Badshahpur Sohna Rd Hwy
"Badshahpur Sohna Rd Hwy, Haryana","Badshahpur Sohna Rd Hwy, Haryana"
"Badshahpur Sohna Rd Hwy, Malibu Town","Badshahpur Sohna Rd Hwy, Malibu Town"
"Badshahpur Sohna Rd Hwy, Raghav Vatika","Badshahpur Sohna Rd Hwy, Raghav Vatika"
"Badshahpur Sohna Rd Hwy, Rajoria Ngr","Badshahpur Sohna Rd Hwy, Rajoria Ngr"
"Badshahpur Sohna Rd Hwy, Sector 68","Badshahpur Sohna Rd Hwy, Sector 68"
"Badshahpur Sohna Rd Hwy,Sector 48","Badshahpur Sohna Rd Hwy,Sector 48"
Badshapur Sohna Highway,Badshapur Sohna Highway
Badshahpur Sohna Hwy,Badshapur Sohna Highway
Baghera University,Baghera University
Bajghera Road,Bajghera Road
Bal Bharati Public School,Bal Bharati Public School
Balaji Hospital,Balaji Hospital
Bamroli Cricket Ground,Bamroli Cricket Ground
Banjara Market Gurugram,Banjara Market Gurugram
Bank Of Baroda,Bank Of Baroda
Bank Of Baroda ATM,Bank Of Baroda ATM
Basai Dhankot Railway Station,Basai Dhancourt Railway Station
Basai Dhancourt Railway Station,Basai Dhancourt Railway Station
Basai Dhankot,Basai Dhankot
Basai Enclave Park,Basai Enclave Park
Basai Metro Station,Basai Metro Station
Basai Road,Basai Road
Basant Valley Global School,Basant Valley Global School
Best IVF Centre,Best IVF Centre
Bestech Business Tower,Bestech Business Tower
Bestech Central Square Mall,Bestech Central Square Mall
Bharat Petrol Pump,Bharat Petrol Pump
Bharat Petroleum Petrol Pump,Bharat Petroleum Petrol Pump
Bharat Petroleum Retail Outlet,Bharat Petroleum Retail Outlet
Bharat Petroleum Shree Shyam Filling,Bharat Petroleum Shree Shyam Filling
Bharat Ram Global School,Bharat Ram Global School
Bharat Singh fuel company,Bharat Singh fuel company
Bharti International Convent School,Bharti International Convent School
Bhondsi Nature Park,Bhondsi Nature Park
BigBazaar,BigBazaar
Bijwasan Railway Station,Bijwasan Railway Station
Biryani Shah,Biryani Shah
Blue Bells Public School,Blue Bells Public School
Broadways International School,Broadways International School
CBR Cricket Ground,CBR Cricket Ground
CK Birla Hospital,CK Birla Hospital
"CK Birla Hospital, Gurgaon","CK Birla Hospital, Gurgaon"
CNG Petrol Pump,CNG Petrol Pump
Cambridge College Of Education,Cambridge College Of Education
Cambridge Montessori,Cambridge Montessori
Cambridge Montessori Preschool,Cambridge Montessori Preschool
Cambridge Pre-School,Cambridge Pre-School
CANARA BANK,Canara Bank
Canara Bank,Canara Bank
Canara Bank - Nawada Fatehpur,Canara Bank - Nawada Fatehpur
Canara Bank ATM,Canara Bank ATM
Canara Bank New Palam Vihar,Canara Bank New Palam Vihar
"Candor TechSpace, Sector 48","Candor TechSpace, Sector 48"
Candor Techspace,Candor Techspace
Capital Business Park,Capital Business Park
Capital Cyberscape,Capital Cyberscape
Captain Chandan Lal Marg,Captain Chandan Lal Marg
Central Bank Of India Sohna Rd,Central Bank Of India Sohna Rd
Central Park Flower Valley,Central Park Flower Valley
Central Park II Road,Central Park II Road
Central Park Resorts,Central Park Resorts
"Central Park, Sohna Rd","Central Park, Sohna Rd"
Central Peripheral Road,Central Peripheral Road
Central Plaza Mall,Central Plaza Mall
Centrum Plaza,Centrum Plaza
Chauma Road,Chauma Road
Cherub's Cradle,Cherub's Cradle
Children Park,Children Park
Chirag Hospital,Chirag Hospital
Choice pharmacy,Choice pharmacy
Citibank ATM,Citibank ATM
City Hospital,City Hospital
City Square,City Square
Civil Hospital,Civil Hospital
Cloudnine Hospital Sector 47,Cloudnine Hospital Sector 47
CoNexus.Life B35,CoNexus.Life B35
Colonel's Central Academy,Colonel's Central Academy
Conscient One,Conscient One
Conscient One Mall,Conscient One Mall
Cool Deck Coffee,Cool Deck Coffee
Country Inn,Country Inn
Country Inn & Suites By Radisson,Country Inn & Suites by Radisson
Country Inn & Suites by Radisson,Country Inn & Suites by Radisson
Country Inn and Suites by Radisson,Country Inn and Suites by Radisson
Creative Tennis Academy,Creative Tennis Academy
Cricket Academy,Cricket Academy
Cyber ​​Park,Cyber ​​Park
DLC Cricket Ground,DLC Cricket Ground
DLF Corporate Greens,DLF Corporate Greens
DLF Corporate Park,DLF Corporate Park
DLF Cyber City,DLF Cyber City
DLF Golf and Country Club,DLF Golf and Country Club
DLF Grand Mall,DLF Grand Mall
DLF Linear Park,DLF Linear Park
DLF Site central office,DLF Site central office
DLF World Tech Park,DLF World Tech Park
DLF5 Summit Plaza,DLF5 Summit Plaza
DPG Degree College,DPG Degree College
DPG Institute of Technology,DPG Institute of Technology
DPGITM Engineering College Sector 34,DPGITM Engineering College Sector 34
DPS,DPS
DPS International Edge,DPS International Edge
CD International School,DPS International School
DPS International School,DPS International School
DPS Manesar,DPS Manesar
DPS Sector 103,DPS Sector 103
DPSG Palam Vihar,DPSG Palam Vihar
DPSG Palam Vihar Gurugram,DPSG Palam Vihar Gurugram
DSD College,DSD College
Damdama Lake,Damdama Lake
Damdama Lake Rd,Damdama Lake Rd
Damdama More,Damdama More
Daultabad Stadium,Daultabad Stadium
Daultabad Village Park,Daultabad Village Park
De Adventure Amusement Park,De Adventure Amusement Park
De Adventure Park,De Adventure Park
Deerika HyperMart,Deerika HyperMart
Delhi,Delhi
Delhi - Jaipur Expressway,Delhi - Jaipur Expressway
Delhi Jaipur Expressway,Delhi - Jaipur Expressway
Delhi Ajmer Expressway,Delhi Ajmer Expressway
Delh-Ajmer Expy,Delhi Ajmer Expressway
Delhi Gurgaon Expressway,Delhi Gurgaon Expressway
Gurgaon - Delhi Expy,Delhi Gurgaon Expressway
Delhi International Airport,Delhi International Airport
Delhi Jaipur Highway,Delhi Jaipur Highway
Delhi Public School,Delhi Public School
Delhi Public School Gurugram Sector 67A,Delhi Public School Gurugram Sector 67A
"Delhi Public School, Sector 103","Delhi Public School, Sector 103"
"Delhi Public School, Sector 84","Delhi Public School, Sector 84"
Delhi Public School Sector 84,"Delhi Public School, Sector 84"
Delhi-Mumbai Expressway,Delhi-Mumbai Expressway
Dhanwapur Road,Dhanwapur Road
Dharampeth Main Road,Dharampeth Main Road
Dharampur Main Road,Dharampur Main Road
Diamond Public School,Diamond Public School
Discount Department Store,Discount Department Store
Dishoom Cinemas,Dishoom Cinemas
Domino's Pizza,Domino's Pizza
Double Infinity market,Double Infinity market
Double Tree by Hilton,Double Tree by Hilton
DoubleTree by Hilton Hotel,DoubleTree by Hilton Hotel
DoubleTree by Hilton Hotel Gurgaon,DoubleTree by Hilton Hotel Gurgaon
Dr Naveen Chawla General Physician,Dr Naveen Chawla General Physician
Dreamz Cafe,Dreamz Cafe
Drona Sports Village,Drona Sports Village
Dronacharya College of Engineering,Dronacharya College of Engineering
Duke Horse Riding Club,Duke Horse Riding Club
Dwarka Expy,Dwaraka Expressway
Dwarka Expressway,Dwaraka Expressway
Dwarka expressway,Dwaraka Expressway
Dwaraka Expressway,Dwaraka Expressway
Dwarka,Dwarka
Dwarka Expressway Link Road,Dwarka Expressway Link Road
"Dwarka Expy, Block D, New Palam Vihar","Dwarka Expy, Block D, New Palam Vihar"
"Dwarka Expy, Dhanwapur Village","Dwarka Expy, Dhanwapur Village"
"Dwarka Expy, Sector 109","Dwarka Expy, Sector 109"
"Dwarka Expy, Sector 88","Dwarka Expy, Sector 88"
Dwarka Expy/Northern Peripheral Rd,Dwarka Expy/Northern Peripheral Rd
Dwarka Sector 21,Dwarka Sector 21
Dwarka sector 21 metro station,"Dwarka Sector 21, Metro Station"
Dwarka Sector 21 Metro station,"Dwarka Sector 21, Metro Station"
Dwarka Sector 21 Metro Station,"Dwarka Sector 21, Metro Station"
"Dwarka Sector 21, Metro Station","Dwarka Sector 21, Metro Station"
Dwarka expressway Basai crossing,Dwarka expressway Basai crossing
EPF Regional Office,EPF Regional Office
ESIC Dispensary,ESIC Dispensary
ESIC Hospital,ESIC Hospital
ESIC HOSPITAL,ESIC Hospital
Early Basket Grocery shop,Early Basket Grocery shop
Edge towers tennis court,Edge towers tennis court
Ektaa Hospitals,Ektaa Hospitals
Ektaa Hospital,Ektaa Hospitals
Ektaa Hospitals  Main Sohna Rd,Ektaa Hospitals  Main Sohna Rd
Elan Miracle Mall,Elan Miracle Mall
Emaar Business Park,Emaar Business Park
Emerald Plaza,Emerald Plaza
Emerald Plaza Shopping Mall,Emerald Plaza Shopping Mall
Enkays Hospital,Enkays Hospital
Entertainland Mall,Entertainland Mall
Ernst & Young,Ernst & Young
Eros City Square,Eros City Square
Eros Corporate Park,Eros Corporate Park
Esplanade Mall,Esplanade Mall
Essar Petrol Pump,Essar Petrol Pump
"Euro Int School, Sector 37D, Gurugram","Euro Int School, Sector 37D, Gurugram"
Euro Int. School,Euro Int. School
Euro International School,Euro International School
"Euro International School, Sector 37D","Euro International School, Sector 37D"
"Euro International School, Sec 84","Euro International School, Sector 84"
"Euro International School, Sector 84","Euro International School, Sector 84"
"Euro International School, Sector- 109","Euro International School, Sector- 109."
"Euro Intl School, Sector- 109","Euro International School, Sector- 109."
"Euro International School, Sector- 109.","Euro International School, Sector- 109."
Euro Intl School Sec-51,"Euro International School, sector- 51"
"Euro International School, sector- 51","Euro International School, sector- 51"
"Euro Intl School, Sector 37D, Gurugram","Euro Intl School, Sector 37D, Gurugram"
EuroKids Preschool Suncity,EuroKids Preschool Suncity
Excellere World School,Excellere World School
Eye Doctors at Krishna Netralaya,Eye Doctors at Krishna Netralaya
F9 Go Karting Gurgaon,F9 Go Karting Gurgaon
FUEL NATION,FUEL NATION
Faridabad,Faridabad
Faridabad Gurgaon Road,Faridabad - Gurgaon Road
Faridabad - Gurgaon Rd,Faridabad - Gurgaon Road
Faridabad - Gurgaon Road,Faridabad - Gurgaon Road
Farrukh Nagar Railway Station,Farrukh Nagar Railway Station
Federal Bank Sector 71,Federal Bank Sector 71
First Step Play School,First Step Play School
"Fitso Sector 48 Spuddy, Badminton","Fitso Sector 48 Spuddy, Badminton"
Fly India Adventure Resort,Fly India Adventure Resort
Flying Wings Badminton Academy,Flying Wings Badminton Academy
Fortis Memorial Research Institute,Fortis Memorial Research Institute
Fortis hospital,Fortis hospital
Fresco Market,Fresco Market
Frescos,Frescos
Fun N Food Village,Fun N Food Village
Fun N Food Water Park,Fun N Food Water Park
Fun N Food WaterPark,Fun N Food Waterpark
Fun N Food Waterpark,Fun N Food Waterpark
GD Goenka University,G D Goenka University
Gd goenka university,G D Goenka University
G D Goenka University,G D Goenka University
G D Goenka World School,G D Goenka World School
GD Goenka World School,G D Goenka World School
GD Goenka,GD Goenka
GD Goenka High School,GD Goenka High School
GD Goenka Public School,GD Goenka Public School
GD Goenka School,GD Goenka School
GD Goenka Signature School,GD Goenka Signature School
"GD Goenka University, Gurugram","GD Goenka University, Gurugram"
Gems International School,GEMS International School
GEMS International School,GEMS International School
Galleria 108 Mall,Galleria 108 Mall
Galleria Market,Galleria Market
Garhi Budhera Road,Garhi Budhera Road
Garhi Harsaru Junction,Garhi Harsaru Junction
Garhi harsaru railway station Gurgaon,Garhi harsaru railway station Gurgaon
Garima Public School,Garima Public School
Gaytri Public School,Gaytri Public School
Genesis Hospital,Genesis Hospital
Genesis Hospital Sector 84,Genesis Hospital Sector 84
Genpact Chowk Bus Stop,Genpact Chowk Bus Stop
Global City Centre Mall,Global City Centre Mall
Global Foyer Mall,Global Foyer Mall
"Global Foyer Mall,  Palam Vihar","Global Foyer Mall,  Palam Vihar"
Global Ways School,Global Ways School
Global city centre,Global city centre
Global City Centre,Global city centre
GlobalHealthcare Multispeciality,GlobalHealthcare Multispeciality
Glorious World School,Glorious World School
Golden Greens Golf & Resorts,Golden Greens Golf & Resorts
Golden Greens Golf & Resorts Limited,Golden Greens Golf & Resorts Limited
Golden Tulip Suites Gurgaon,Golden Tulip Suites Gurgaon
Golf Course Extension,Golf Course Extension
Golf Course Extension Road,Golf Course Extension Road
Golf course extension road,Golf Course Extension Road
Golf Course Extension Rd,Golf Course Extension Road
Golf Course Extn Road,Golf Course Extn Road
Golf Corse Ext. Rd.,Golf Course Extn Road
Golf Course Ext Road,Golf Course Extn Road
Golf Course Ext Rd,Golf Course Extn Road
Golf Course Rd,Golf Course Road
Golf Course Road,Golf Course Road
Golf Pavilion,Golf Pavilion
Govind Hospital,Govind Hospital
Govt. Model Sanskriti Primary School,Govt. Model Sanskriti Primary School
Govt. PG College,Govt. PG College
Grand Hyatt,Grand Hyatt
Grand Hyatt Gurgaon,Grand Hyatt Gurgaon
Green Field Public School,Green Field Public School
Green Field School,Green Field School
Green garden narsari,Green garden narsari
Greenway Hospital,Greenway Hospital
Guls' Kitchen,Guls' Kitchen
Gurgaon,Gurgaon
"Gurgaon - Delhi Expy, Sector 75A","Gurgaon - Delhi Expy, Sector 75A"
Gurgaon Dreamz Mall,Gurgaon Dreamz Mall
Gurgaon Faridabad Highway,Gurgaon Faridabad Highway
Gurgaon Gramin Bank,Gurgaon Gramin Bank
Gurgaon Old Railway Station,Gurgaon Old Railway Station
Gurgaon Railway Station,Gurgaon Railway Station
Gurgaon railway station,Gurgaon Railway Station
Gurgaon Road,Gurgaon Road
Gurgaon Toll,Gurgaon Toll
Gurjar Samrat Jaipal Khatana Marg,Gurjar Samrat Jaipal Khatana Marg
Gurugram City Bus Depot,Gurugram City Bus Depot
Gurugram Global Heights School,Gurugram Global Heights School
Gurugram Hospital,Gurugram Hospital
Gurugram Public School,Gurugram Public School
Gurugram Railway Station,Gurugram Railway Station
Gurugram Rd,Gurugram Road
Gurugram Road,Gurugram Road
Gurugram University,Gurugram University
Gurugram University Kankrola,Gurugram University Kankrola
Gurugram University Sector 87,Gurugram University Sector 87
Gurukul Preschool,Gurukul Preschool
Gyaananda School,Gyaananda School
Gyan Bharti Public School,Gyan Bharti Public School
HDFC Bank,HDFC Bank
HDFC Bank ATM,HDFC Bank ATM
HDFC bank ATM,HDFC Bank ATM
"HDFC Bank ATM, Dhunela Ghamroj","HDFC Bank ATM, Dhunela Ghamroj"
"HDFC Bank, Pataudi Rd","HDFC Bank, Pataudi Rd"
HP PETROL PUMP Unnamed Rd,HP PETROL PUMP Unnamed Rd
HP Petrol Pump,HP Petrol Pump
HSBC,HSBC
Hub 66,HUB 66
HUB 66,HUB 66
HUDA Market,HUDA Market
"HUDA Market, Sector 14","HUDA Market, Sector 14"
HUDA Mini Golf Course,HUDA Mini Golf Course
Hamoni Golf Camp,Hamoni Golf Camp
Hanuman & Shani Mandir,Hanuman & Shani Mandir
Harsaru Village Bus Stop,Harsaru Village Bus Stop
Haryana City Gas,Haryana City Gas
Hasanpur,Hasanpur
Health Care Pharmacy,Health Care Pharmacy
Health care pharmacy,Health Care Pharmacy
Heritage Intl Xperiential School,Heritage Intl Xperiential School
Heritage School,Heritage School
Heritage Village Resort & Spa,Heritage Village Resort & Spa
Heritage Xperiential Learning School,Heritage Xperiential Learning School
"Heritage Xperiential Learning, CRPF Rd","Heritage Xperiential Learning, CRPF Rd"
Heritage badminton academy,Heritage badminton academy
Heritage Badminton Academy,Heritage badminton academy
Hero Honda Chowk,Hero Honda Chowk
Holiday Inn,Holiday Inn
Holiday Inn Express Gurugram,Holiday Inn Express Gurugram
Holiday Inn Express Gurugram Sector 50,Holiday Inn Express Gurugram Sector 50
Holiday Inn Express Gurugram Sec 50,Holiday Inn Express Gurugram Sector 50
Holiday Inn Gurugram,Holiday Inn Gurugram
Holiday Inn Gurugram Sector 90,Holiday Inn Gurugram Sector 90
Holiday Inn Hotel Sector 90,Holiday Inn Hotel Sector 90
Holiday Inn Sector 90,Holiday Inn Sector 90
Hong Kong Bazaar,Hong Kong Bazaar
Horizon 1 Mall,Horizon 1 Mall
Hotel Golf View Suites,Hotel Golf View Suites
Huda City Centre,Huda City Centre
Huda city center,Huda City Centre
Huda City Centre Metro Station,Huda City Centre Metro Station
Huda Metro station,Huda Metro Station
Huda metro station,Huda Metro Station
Huda Metro Station,Huda Metro Station
HUDA Metro Station,Huda Metro Station
Huda Metro Station (Gurugram),Huda Metro Station (Gurugram)
Huda Park,Huda Park
Hyatt Place,Hyatt Place
Hyatt Place Gurgaon Udyog Vihar,Hyatt Place Gurgaon Udyog Vihar
Hyatt Regency,Hyatt Regency
Hyatt Regency Gurgaon,Hyatt Regency Gurgaon
Hyatt Regency Gurugram,Hyatt Regency Gurugram
Hyatt Regency Hotel,Hyatt Regency Hotel
ICFAI University,ICFAI University
ICICI ATM,ICICI ATM
"ICICI BANK ATM, Annapurna MKT","ICICI BANK ATM, Annapurna MKT"
ICICI Bank,ICICI Bank
ICICI Bank ATM,ICICI Bank ATM
"ICICI Bank ATM, Sector 86","ICICI Bank ATM, Sector 86"
IDFC FIRST Bank,IDFC FIRST Bank
Iffco Chowk,IFFCO Chowk
IFFCO Chowk,IFFCO Chowk
IFFCO Chowk Metro Station,IFFCO Chowk Metro Station
Iffco Chowk Metro Station,IFFCO Chowk Metro Station
International Airport,IG International Airport
IG International Airport,IG International Airport
IGIA Airport,IGIA Airport
IGI Airport,IGIA Airport
IILM School of Management,IILM School of Management
"IILM University, Gurugram","IILM University, Gurugram"
Imt Manesar,IMT Manesar
IMT Manesar,IMT Manesar
IMT Office Sohna,IMT Office Sohna
IMT Road,IMT Road
IMT Sohna,IMT Sohna
INOX Cinema,INOX Cinema
INXT High Street,INXT High Street
ISBM College,ISBM College
ISKCON,ISKCON
ISKCON Temple,ISKCON Temple
Ibis Hotel,Ibis Hotel
Idea Cosmic Plaza,Idea Cosmic Plaza
Imperfecto Patio,Imperfecto Patio
Imperia Mindspace,Imperia Mindspace
Imperial Heritage School,Imperial Heritage School
Imperio School,Imperio School
"Imt Manesar, Gurugram","Imt Manesar, Gurugram"
Indian School of Hospitality,Indian School of Hospitality
"IndianOil, Hasanpur","IndianOil, Hasanpur"
"Indianoil, Sohna - Gurgaon Rd","Indianoil, Sohna - Gurgaon Rd"
Indira Gandhi Airport,Indira Gandhi Airport
Indira Gandhi Eye Hospital,Indira Gandhi Eye Hospital
Indira Gandhi Int. Airport,Indira Gandhi Int. Airport
Indira Gandhi International Airport,Indira Gandhi International Airport
Indira Gandhi Intl Airport,Indira Gandhi International Airport
Indus World School,Indus World School
Indus valley Public School,Indus valley Public School
IndusInd Bank,IndusInd Bank
IndusInd Bank ATM,IndusInd Bank ATM
infinity Business Park,Infinity Business Park
Infinity Business Park,Infinity Business Park
InfinityS Badminton Academy,InfinityS Badminton Academy
Infinitys Badminton Academy,InfinityS Badminton Academy
Info Technology Park Phase 2,Info Technology Park Phase 2
Insfire Sports,Insfire Sports
International Tech Park Gurgaon,"International Tech Park Gurgaon,"
"International Tech Park Gurgaon,","International Tech Park Gurgaon,"
Iris Broadway Gurugram,Iris Broadway Gurugram
Iris Broadway Mall,Iris Broadway Mall
IRIS Broadway Mall,Iris Broadway Mall
JMD Megapolis,JMD Megapolis
JMD Regent Mall,JMD Regent Mall
JMS Crosswalk,JMS Crosswalk
JMS Marine Square,JMS Marine Square
JMS Marine Square Mall,JMS Marine Square Mall
Jadon Pharmacy,Jadon Pharmacy
Jagdish Super Market,Jagdish Super Market
Jai Sai Ram Hospital,Jai Sai Ram Hospital
Jhankar Group of Institutions,Jhankar Group of Institutions
Jhankar Senior Secondary School,Jhankar Senior Secondary School
Jharsha Chowk,Jharsha Chowk
Jinaglala Theme Park,Jinaglala Theme Park
Jinga Lala Theme Park Gurgaon Delhi,Jinga Lala Theme Park Gurgaon Delhi
Jungle Safari & Trails,Jungle Safari & Trails
K. R. Mangalam University,K. R. Mangalam University
K.R. Mangalam University,K. R. Mangalam University
KR Mangalam University,K. R. Mangalam University
MKD Hospital,K.D. Hospital
K.D. Hospital,K.D. Hospital
K.R.Mangalam World School,K.R.Mangalam World School
"KDM Public School, Sohna","KDM Public School, Sohna"
KFG Sports Club,KFG Sports Club
KFG sports club Parking,KFG sports club Parking
KIIT College,KIIT College
KIIT College of Engineering,KIIT College of Engineering
KIIT College of Engineering Sohna Road,KIIT College of Engineering Sohna Road
KLAY Play School,KLAY Play School
KMP Corridor,KMP Corridor
KMP corridor,KMP Corridor
KMP Expressway,KMP Expressway
KR Mangalam,KR Mangalam
KR Mangalam University Sohna,KR Mangalam University Sohna
Kadipur Industrial Area,Kadipur Industrial Area
Kamal Hospital,Kamal Hospital
Kangaroo Kids Preschool,Kangaroo Kids Preschool
Karma Lakelands,Karma Lakelands
Keshav Pharmacy,Keshav Pharmacy
Khatu Shyam Mandir,Khatu Shyam Mandir
Kheri Railway station,Kheri Railway station
Kidzee,Kidzee
Kidzee Sec-93,Kidzee Sec-93
Kinder Care Playschool,Kinder Care Playschool
Kingdom of Dreams,Kingdom of Dreams
Kings International School,Kings International School
Knowledge Tree World School,Knowledge Tree World School
"Kotak Mahindra Bank, MBS Tower","Kotak Mahindra Bank, MBS Tower"
Krishna Hospital,Krishna Hospital
Kriti Hospital,Kriti Hospital
Kundli Manesar Palwal Expressway,Kundli Manesar Palwal Expressway
Kunskapsskolan International,Kunskapsskolan International
Kunskapsskolan School,Kunskapsskolan School
Kutumbh Hospital,Kutumbh Hospital
Lancers International School,Lancers International School
Le Meridien Gurgaon,Le Meridien Gurgaon
Learning Stars School,Learning Stars School
Leisure Valley Park,Leisure Valley Park
Lemon Tree Hotel Sector 60,Lemon Tree Hotel Sector 60
"Lemon Tree Hotel,","Lemon Tree Hotel,"
Lemon Tree Hotel,"Lemon Tree Hotel,"
"Lemon Tree Hotel, Sohna Road","Lemon Tree Hotel, Sohna Road"
Leopard hills,Leopard hills
Lingaya's Lalita Devi Institute,Lingaya's Lalita Devi Institute
Lions Public School,Lions Public School
Little E Step –Pre School,Little E Step –Pre School
Lotus Sports Academy,Lotus Sports Academy
Lotus Valley International School,Lotus Valley International School
"Lotus Valley Intl School, Gurgaon","Lotus Valley Intl School, Gurgaon"
Lotus Valley School,Lotus Valley School
Lovely Public School,Lovely Public School
Luxus Haritma Resort,Luxus Haritma Resort
M3M Cosmopolitan,M3M Cosmopolitan
M3M Cosmopolitan Mall,M3M Cosmopolitan Mall
M3M IFC,M3M IFC
M3M International Financial Center (IFC),M3M International Financial Center (IFC)
M3M SCO Shop cum Office,M3M SCO Shop cum Office
M3m 65th Avenue Mall,M3m 65th Avenue Mall
MCC Cricket Ground Dhankot,MCC Cricket Ground Dhankot
MDS Public School,MDS Public School
MG Road,MG Road
MG Road Metro Station,MG Road Metro Station
MGF Megacity Mall,MGF Megacity Mall
MGF Metropolitan Mall,MGF Metropolitan Mall
Maharana pratap school,Maharana pratap school
Mall Fifty One,Mall Fifty One
Mamta Hospital,Mamta Hospital
Manav Rachna School,Manav Rachna School
Manesar Bus Stand,Manesar Bus Stand
Manesar Golf Course,Manesar Golf Course
Manesar Road,Manesar Road
Manesar toll plaza - Kherki Daula,Manesar toll plaza - Kherki Daula
Manipal Hospital,Manipal Hospital
"Manipal Hospital, Gurugram","Manipal Hospital, Gurugram"
"Manipal Hospital, Palam Vihar","Manipal Hospital, Palam Vihar"
Manish Gallexie 91,Manish Gallexie 91
Marengo Asia Hospitals,Marengo Asia Hospitals
Marigold Secondary School,Marigold Secondary School
Marriott Courtyard,Marriott Courtyard
MatriKiran High School,Matrikiran High School
Matrikiran High School,Matrikiran High School
Matrikiran School,Matrikiran School
Mavens Inn,Mavens Inn
Mavens Orange - Hotel,Mavens Orange - Hotel
"Max, Fortis","Max, Fortis"
McDonald's India,McDonald's India
McDonald's India 24 Hours,McDonald's India 24 Hours
Medanta-The Medicity,Medanta - The Medicity
Medanta - The Medicity,Medanta - The Medicity
Medanta -The Medicity,Medanta - The Medicity
Medanta The Medicity,Medanta - The Medicity
Medanta Dialysis Center,Medanta Dialysis Center
Medanta Hospital,Medanta Hospital
"Medeor Hospital, Manesar","Medeor Hospital, Manesar"
Medhaam Pre School & Daycare,Medhaam Pre School & Daycare
Medicity,Medicity
Meditree Market,Meditree Market
Mehrauli-Gurgaon Road,Mehrauli-Gurgaon Road
Mehrauli-Gurgaon Rd,Mehrauli-Gurgaon Road
"Metro Hospital, Palam Vihar","Metro Hospital, Palam Vihar"
Metro Station Kankrola sec 87,Metro Station Kankrola sec 87
Metro World Mall,Metro World Mall
Minda Industries  Corporate Office,Minda Industries  Corporate Office
Minda Industries Limited,Minda Industries Limited
Minda Industries Nawada Fatehpur,Minda Industries Nawada Fatehpur
Miracles Apollo Cradle,Miracles Apollo Cradle
Miracles Apollo Cradle / Spectra,Miracles Apollo Cradle / Spectra
Miracles Apollo Cradle /Spectra Hospital,Miracles Apollo Cradle /Spectra Hospital
Miracles Apollo Cradle Spectra Hospital,Miracles Apollo Cradle /Spectra Hospital
Miracles Apollo Cradle Hospital,Miracles Apollo Cradle Hospital
Miracles Apollo Cradle/Spectra Hospital,Miracles Apollo Cradle/Spectra Hospital
Miracles Apollo Hospital,Miracles Apollo Hospital
Moksh Wellness Pvt Ltd.,Moksh Wellness Pvt Ltd.
"More Hypermart , Vipul business park","More Hypermart , Vipul business park"
Mother land public school,Mother land public school
Moulsari Avenue,Moulsari Avenue
Mount Olympus Junior School,Mount Olympus Junior School
"Mount Olympus School, Sec 79","Mount Olympus School, Sec 79"
Mps World School,Mps World School
Muincipal Corporation of Gurugram,Muincipal Corporation of Gurugram
Museum of Folk and Tribal Art,Museum of Folk and Tribal Art
NH -8,NH -8
NH-8,NH -8
N.H-8,NH -8
NH 8,NH -8
NH 08,NH 08
NH 148A,NH 148A
NH 248A,NH 248 A
NH 248 A,NH 248 A
NH 248,NH 248 A
NH 352W,NH 352W
"NH 352W, Pataudi","NH 352W, Pataudi"
NH 48,NH 48
NH-48,NH 48
NH 48 Gurugram,NH 48 Gurugram
"NH 48, Sector 78","NH 48, Sector 78"
"NH 8, Sector 15 Part 2","NH 8, Sector 15 Part 2"
NH-8 Delhi Jaipur Highway,NH-8 Delhi Jaipur Highway
NH-8 IMT Manesar,"NH-8, IMT Manesar"
"NH-8, IMT Manesar","NH-8, IMT Manesar"
"NH-8, Imt Manesar","NH-8, IMT Manesar"
NH248A,NH248A
NH48,NH48
NH8,NH8
Najafgarh Jheel Bird Sanctuary,Najafgarh Jheel Bird Sanctuary
Najafgarh Kapashera Road,Najafgarh Kapashera Road
Nakhrola Stadium,Nakhrola Stadium
Nakhrola Stadium Sector 81A,Nakhrola Stadium Sector 81A
Narayana E Techno,Narayana E Techno
Narayana Junior College,Narayana Junior College
Narayana e Techno School,Narayana e Techno School
Narayana e-Techno School - Manesar,Narayana e-Techno School - Manesar
National Highway 48,National Highway  48
National Highway  48,National Highway  48
National Highway-48,National Highway  48
National Highway 8,National Highway 8
National Tennis Academy,National Tennis Academy
National Tennis Academy Sector 98,National Tennis Academy Sector 98
Naurangpur Cricket Stadium,Naurangpur Cricket Stadium
Naurangpur Road,Naurangpur Road
Nawada Cricket Accadmy,Nawada Cricket Accadmy
Nazafgarh - Gurgaon Road,Nazafgarh - Gurgaon Road
Neemrana Palace,Neemrana Palace
Nehru Stadium,Nehru Stadium
NeoSquare Shopping Mall,NeoSquare Shopping Mall
Netaji Subhash Marg,Netaji Subhash Marg
New Water Pond,New Water Pond
Newtown Square Mall,Newtown Square Mall
Ninex Mall,Ninex Mall
Nirvana Rd,Nirvana Rd
Nischay Cricket Academy,Nischay Cricket Academy
Nora Solomon Medicenter,Nora Solomon Medicenter
Northern Peripheral Road,Northern Peripheral Road
Nouveau Medics Multispeciality OPD,Nouveau Medics Multispeciality OPD
"Numberdar market, IMT Manesar","Numberdar market, IMT Manesar"
ORCHIDS The International School,ORCHIDS The International School
Ocus Medley Mall,Ocus Medley Mall
Old Bengali Market,Old Bengali Market
Old Delhi Gurgaon Road,Old Delhi Gurgaon Road
Old Sohna Dhani Road,Old Sohna Dhani Road
Omaxe Celebration Mall,Omaxe Celebration Mall
Omaxe City Centre,Omaxe City Centre
Omaxe City Centre Mall,Omaxe City Centre Mall
Omex City Centre Mall,Omaxe City Centre Mall
Omaxe Gurgaon Mall,Omaxe Gurgaon Mall
OMAXE Gurgaon Mall,Omaxe Gurgaon Mall
Ompee International School,Ompee International School
One Horizon Center Bus Stop,One Horizon Center Bus Stop
Open Tap,Open Tap
Open gym garden,Open gym garden
Orchid Business Park,Orchid Business Park
Oriental Bank of Commerce,Oriental Bank of Commerce
Oyster's Water Park,Oyster's Water Park
PHC Garhi Harsaru,PHC Garhi Harsaru
PNB ATM,PNB ATM
PVR Drive In Cinema,PVR Drive In Cinema
PVR Drive In Theater,PVR Drive In Theatre
PVR Drive in Theatre,PVR Drive In Theatre
PVR Drive In Theatre,PVR Drive In Theatre
Pacific D21 Mall,Pacific D21 Mall
Palam Vihar Halt,Palam Vihar Halt
Palam Vihar Halt Railway Station,Palam Vihar Halt Railway Station
"Pallavan PreSchool, Sohna Road","Pallavan PreSchool, Sohna Road"
Paras Hospital,Paras Hospitals
Paras Hospitals,Paras Hospitals
"Paras Hospitals, Gurgaon","Paras Hospitals, Gurgaon"
Paras Trinity,Paras Trinity
Paras Trinity Mall,Paras Trinity Mall
Paras Trinity Mall Sector 63,Paras Trinity Mall Sector 63
Paras Trinity Shopping Mall,Paras Trinity Shopping Mall
"Park Dr, DLF Phase 5","Park Dr, DLF Phase 5"
Park Hospital,Park Hospital
"Park Hospital, Palam Vihar","Park Hospital, Palam Vihar"
Park Inn,Park Inn
Park inn,Park Inn
"Park Inn, Gurgaon","Park Inn, Gurgaon"
"Pasco Automobiles, Alipur, Sohna","Pasco Automobiles, Alipur, Sohna"
"Pataudi Rd, Sector 95B","Pataudi Rd, Sector 95B"
Pataudi Road,Pataudi Road
Pataudi road,Pataudi Road
Pataudi Rd,Pataudi Road
"Pathfinder Global School, Pataudi","Pathfinder Global School, Pataudi"
Pathways,Pathways
Pathways School Gurgaon,Pathways School Gurgaon
Patil Station,Patil Station
Patli Railway Station,Patli Railway Station
Pawlywoof - Dog Park,Pawlywoof - Dog Park
Peer Baba Ki Mazar,Peer Baba Ki Mazar
Phase 2 Metro Station,Phase 2 Metro Station
Plaza Mall,Plaza Mall
Polaris Hospital,Polaris Hospital
Pragyanam School,Pragyanam School
Prakash Hospital,Prakash Hospital
Pranavananda Int. School,Pranavananda Int. School
Pranavananda International School,Pranavananda International School
Presidium School Gurgoan,Presidium School Gurgoan
Primamed Super Speciality Hospital,Primamed Super Speciality Hospital
Prime Scholars Int. School,Prime Scholars Int. School
Prime Scholars International School,Prime Scholars International School
Proposed Metro Station,Proposed Metro Station
Propose Metro Station,Proposed Metro Station
Proposed Metro corridor,Proposed Metro corridor
Public Bazar,Public Bazar
Punjab National Bank,Punjab National Bank
Pushpanjali Hospital,Pushpanjali Hospital
Quality Inn Gurgaon,Quality Inn Gurgaon
Qutub Plaza,Qutub Plaza
RBSM Public school,RBSM Public school
RHM Public School,RBSM Public school
S N International School,RPS International School
RPS International School,RPS International School
RPS International School Sector 89,RPS International School Sector 89
Radha Krishan Mandir,Radha Krishan Mandir
Radisson Hotel,Radisson Hotel
Radisson Hotel Gurugram,Radisson Hotel Gurugram
Radisson Hotel Gurugram Sohna Road,Radisson Hotel Gurugram Sohna Road
Radisson Hotel Sohna Road,Radisson Hotel Sohna Road
Raghunath Bal Vidya Mandir School,Raghunath Bal Vidya Mandir School
Raheja Mall,Raheja Mall
Raheja Market,Raheja Market
Rajesh Pilot Road,Rajesh Pilot Road
Rajiv Chowk,Rajiv Chowk
Rajiv Chowk - Sohna Highway,Rajiv Chowk - Sohna Highway
Ram Krishna Public School,Ram Krishna Public School
Ramada by Wyndham Gurgaon,Ramada by Wyndham Gurgaon
Ramgarh Farms & Resort,Ramgarh Farms & Resort
Ramprastha Police Post,Ramprastha Police Post
"Rampura Flyover, Naurangpur Rd","Rampura Flyover, Naurangpur Rd"
Rao Bharat Singh International School,Rao Bharat Singh International School
Sector 55-56 Rapid Metro,Rapid Metro Sector 55-56
Rapid Metro Sector 55-56,Rapid Metro Sector 55-56
Rapid Metro Sector 56,Rapid Metro Sector 56
Rapid Metro Station Sector 56,Rapid Metro Station Sector 56
Rathore IMT Hospital,Rathore IMT Hospital
Reach 3 Roads Shopping Mall,Reach 3 Roads Shopping Mall
Red Roses Public School,Red Roses Public School
RELIANCE TRENDS Newtown Square Mall,Reliance Trends Newtown Square Mall
Reliance Trends Newtown Square Mall,Reliance Trends Newtown Square Mall
Rions Hospital,Rion's Hospital
Rion's Hospital,Rion's Hospital
Rotary Public School,Rotary Public School
Royal Institute Of Science,Royal Institute Of Science
Royal Institute Of Science & Management,Royal Institute Of Science & Management
Royal Institute Of Science and Mgt,Royal Institute Of Science and Mgt
Rx Pharmacy,Rx Pharmacy
SCC Drive-In Cinema,SCC Drive-In Cinema
SCC Rooftop Drive-In,SCC Rooftop Drive-In
SCJ Academy,SCJ Academy
SCR Model School,SCR Model School
SGT Hospital 1,SGT Hospital 1
SGT Medical College,SGT Medical College
SGT UHTC Basai,SGT UHTC Basai
SGT University,SGT University
SGT UNIVERSITY,SGT University
SPM Hospital,SPM Hospital
SRS Cinemas,SRS Cinemas
SS Omnia Mall,SS Omnia Mall
"SS Omnia, Sector 86","SS Omnia, Sector 86"
Sahara Mall,Sahara Mall
Sai Sports Club cricket ground,Sai Sports Club cricket ground
Saint Paul's School,Saint Paul's School
Samrat Mihir Bhoj Road,Samrat Mihir Bhoj Road
Sanar International Hospital,Sanar International Hospital
Sanjeevani Hospital,Sanjeevani Hospital
Sanjivani Hospital,Sanjeevani Hospital
Sanjeevani Hospital - Child Specialist,Sanjeevani Hospital - Child Specialist
Sanskar Bharti Public School,Sanskar Bharti Public School
Sanskar Jyoti School,Sanskar Jyoti School
Sant Soordas Sihi Metro Station,Sant Soordas Sihi Metro Station
Sapphire 83,Sapphire 83
Sapphire 83 Mall,Sapphire 83 Mall
Sapphire 83 Mall Sector 83,Sapphire 83 Mall Sector 83
Sapphire 93 Mall,Sapphire 93 Mall
Sapphire Mall,Sapphire Mall
Saraswati Model School,Saraswati Model School
Satya The Hive Mall,Satya The Hive Mall
Satyam Medicare Hospital,Satyam Medicare Hospital
Savoy Suites,Savoy Suites
"Savoy Suites, Manesar","Savoy Suites, Manesar"
Scottish High International School,Scottish High International School
Scottish International School,Scottish International School
Sealdah,Sealdah
Sealdah Railway Station,Sealdah Railway Station
Sector 10 Market,Sector 10 Market
Sector 102 Dhankot,Sector 102 Dhankot
Sector 29 Gurgaon Pubs and Bars,Sector 29 Gurgaon Pubs and Bars
Sector 37 Police Station,Sector 37 Police Station
Sector 42-43,Sector 42-43
Sector 42-43 Metro station,Sector 42-43 Metro Station
Sector 42-43 Metro Station,Sector 42-43 Metro Station
Sector 42-43 Rapid Metro,Sector 42-43 Rapid Metro
Sector 42-43 Rapid Metro Station,Sector 42-43 Rapid Metro Station
Sector 42/43 Bus Stand,Sector 42/43 Bus Stand
Sector 45 SO Post Office,Sector 45 SO Post Office
Sector 53 Metro Station,Sector 53 Metro Station
Sector 53-54,Sector 53-54
Sector 53-54 Metro Station,Sector 53-54 Metro Station
Sector 53-54 Rapid Metro,Sector 53-54 Rapid Metro
Sector 53/54 Metro Station,Sector 53/54 Metro Station
Sector 54 Chowk,Sector 54 Chowk
Sector 54 Chowk Metro Station,Sector 54 Chowk Metro Station
Sector 55 Metro Station,Sector 55 Metro Station
Sector 55-56 metro station,Sector 55-56 Metro Station
Sector 55-56 Metro station,Sector 55-56 Metro Station
Sector 55-56 Metro Station,Sector 55-56 Metro Station
Sector 55-56 rapid metro station,Sector 55-56 Rapid Metro Station
Sector 55-56 Rapid Metro Station,Sector 55-56 Rapid Metro Station
Rapid Metro Station Sector 55 56,Sector 55-56 Rapid Metro Station
Sector 55-56 metro,Sector 55-56 metro
Sector 55-56 Metro,Sector 55-56 metro
Sector 55/56 Metro Station,Sector 55/56 Metro Station
Sector 84 Road,Sector 84 Road
Sector 86 Road,Sector 86 Road
Sector-21 Metro Dwarka,Sector-21 Metro Dwarka
Sethi Hospital,Sethi Hospital
Shaheed Bhagat Singh Chowk,Shaheed Bhagat Singh Chowk
Shalom Hills International School,Shalom Hills International School
Shalom Presidency School,Shalom Presidency School
Shambhu Dayal High School,Shambhu Dayal High School
Shanti Tennis Academy,Shanti Tennis Academy
Sheetla Mata Mandir,Sheetla Mata Mandir
Shiksha Bharti Public School,Shiksha Bharti Public School
Shikshantar - Primary School,Shikshantar - Primary School
Shishu Kalyan School,Shishu Kalyan School
Shiskshantar,Shiskshantar
shiv Mandir,Shiv Mandir
Shiv Mandir,Shiv Mandir
Shiv Nadar School,Shiv Nadar School
Shiva Temple Tigra,Shiva Temple Tigra
Shivai Hospital,Shivai Hospital
Shivani public school,Shivani public school
Shoppers Stop,Shoppers Stop
Shopping complex,Shopping complex
Shree Balaji College,Shree Balaji College
Shree Deep Petrol Pump,Shree Deep Petrol Pump
Shree Krishna Hospital,Shree Krishna Hospital
Shri Balaji’s Multispeciality Hospital,Shri Balaji’s Multispeciality Hospital
Shri Hanuman Ji Mandir,Shri Hanuman Ji Mandir
Signature Advanced Hospital,Signature Advanced Hospital
Signature Global Infinity Mall Sohna,Signature Global Infinity Mall Sohna
Signature Global Park,Signature Global Park
Signature Hospital,Signature Hospital
Signature Super Speciality Hospital,Signature Super Speciality Hospital
Signature tower,Signature tower
Signum 107,Signum 107
Signum 36,Signum 36
Silver Streak Hospital,Silver Streak Hospital
Silver Streak Multi Speciality,Silver Streak Multi Speciality
Silver Streak Multi Speciality Hospital,Silver Streak Multi Speciality Hospital
"Singhania University, Manesar","Singhania University, Manesar"
SkyJumper Trampoline Park,SkyJumper Trampoline Park
SkyJumper Trampoline Park Gurgaon,SkyJumper Trampoline Park Gurgaon
Skylark Cricket Academy,Skylark Cricket Academy
Skyview Corporate Park,Skyview Corporate Park
Smart View Hotel and Resort,Smart View Hotel and Resort
Sneh Hospital,Sneh Hospital
Society Park,Society Park
"Sodhi's Supermarket, Sector 82","Sodhi's Supermarket, Sector 82"
Sohna Bus Stand,Sohna Bus Stand
Sohna Gurgaon Road,Sohna Gurgaon Road
Sohna Hill Viewpoint,Sohna Hill Viewpoint
Sohna Rd,Sohna Road
Sohna Road,Sohna Road
Sohna road dhunela,Sohna road dhunela
Solitaire Banquet Hall,Solitaire Banquet Hall
South point Mall,South point Mall
"Southern Peripheral Rd, Dhani","Southern Peripheral Rd, Dhani"
"Southern Peripheral Rd, Gurugram","Southern Peripheral Rd, Gurugram"
Southern Periphery Road,Southern Peripheral Road
Southern Peripheral Rd,Southern Peripheral Road
Southern Peripheral Road,Southern Peripheral Road
Spaze Business Park,Spaze Business Park
Spaze Itech Park,Spaze Itech Park
"Spaze Palazo, Golf Course Ext Rd","Spaze Palazo, Golf Course Ext Rd"
Spazedge IT Park,Spazedge IT Park
Spectra Hospital,Spectra Hospital
Splendor Trade Tower,Splendor Trade Tower
SportsCube Center(Sports Complex),SportsCube Center(Sports Complex)
Sri Ma Montessori International,Sri Ma Montessori International
St Pauls School,St Pauls School
St. Angel's Global,St. Angel's Global
St. Xavier's High School,St. Xavier's High School
St Xavier High School,St. Xavier's High School
St. Xavier's School,St. Xavier's School
Star Mall,Star Mall
Star Nursery,Star Nursery
Starbucks,Starbucks
State Bank of India,State Bank of India
Stymerra Chowk,Stymerra Chowk
Subway,Subway
Sultanpur National Park,Sultanpur National Park
Summer Fields School,Summer Fields School
Sun's Spa,Sun's Spa
Suncity Market,Suncity Market
Suncity School,Suncity School
Suncity School Gurgaon,Suncity School Gurgaon
"Suncity School, Sector 37D","Suncity School, Sector 37D"
Suncity Shopping Complex,Suncity Shopping Complex
Sunrise University,Sunrise University
Sunset point,Sunset point
"Suraj PG Degree College, Sec -75","Suraj PG Degree College, Sec -75"
Surajgarh Gurgaon,Surajgarh Gurgaon
"Surajgarh Gurgaon, Golf Course Ext Rd","Surajgarh Gurgaon, Golf Course Ext Rd"
Sushant University,Sushant University
Sushil Park,Sushil Park
Swastik Hospital,Swastik Hospital
Swastik Hospital Sec 66,Swastik Hospital Sec 66
Swastik Multispeciality Hospital,Swastik Multispeciality Hospital
Syndicate Bank,Syndicate Bank
Teri Golf Course,TERI Golf Course
TERI Golf Course,TERI Golf Course
Tagore Public School,Tagore Public School
Taj,Taj
Taj City Centre Gurugram,Taj City Centre Gurugram
Taj City Centre Hotel,Taj City Centre Hotel
Taj Hotel & Family Restaurant,Taj Hotel & Family Restaurant
Tau DeviLal Sports Complex,Tau Devi Lal Sports Complex
Tau Devi Lal Sports Complex,Tau Devi Lal Sports Complex
Taxila cricket ground,Taxila cricket ground
Tennis Vidyalaya (Tennis Academy),Tennis Vidyalaya (Tennis Academy)
The Banyan Tree Hiking Area,The Banyan Tree Hiking Area
The Banyan Tree World School,The Banyan Tree World School
The Big Tree Cafe,The Big Tree Cafe
"The Club, International City","The Club, International City"
The Esplanade Mall,The Esplanade Mall
The Executive Centre,The Executive Centre
The Heritage Pride Modern School,The Heritage Pride Modern School
The Hive,The Hive
The Hive Shopping Mall,The Hive Shopping Mall
The Holy Kingdom Public School,The Holy Kingdom Public School
"The Medicity, Spaze iTech Park","The Medicity, Spaze iTech Park"
The Millenium School,The Millennium School
The Millennium School,The Millennium School
The Nook,The Nook
The NorthCap University,The NorthCap University
The Oberoi,The Oberoi
The Oberoi Gurgaon,"The Oberoi, Gurgaon"
"The Oberoi, Gurgaon","The Oberoi, Gurgaon"
The Paras World School,The Paras World School
"The Phoenix Project, Sohna - Gurgaon Rd","The Phoenix Project, Sohna - Gurgaon Rd"
The Shikshiyan School,The Shikshiyan School
The Shri Ram School Aravali,The Shri Ram School Aravali
The Shriram Millennium School,The Shriram Millennium School
The Signature Advanced Super Speciality,The Signature Advanced Super Speciality
The Signature Super Speciality Hospital,The Signature Super Speciality Hospital
The Sixth Element School,The Sixth Element School
The Sylvan Trails School,The Sylvan Trails School
The Vivekananda School,The Vivekananda School
The Westin Gurgaon,The Westin Gurgaon
The Westin Hotel,The Westin Hotel
Tigra Market,Tigra Market
Tomar Hospital,Tomar Hospital
Triangular Park,Triangular Park
Trident Hotel Gurgaon,Trident Hotel Gurgaon
"Tulip Violet Society, Sector 69","Tulip Violet Society, Sector 69"
Uma Sanjeevani Health Centre,Uma Sanjeevani Health Centre
Umang Bhawaj Chawk,Umang Bhawaj Chawk
Umkal Hospital,Umkal Hospital
Unicosmos School,Unicosmos School
Unitech Business Zone,Unitech Business Zone
Urusvati Museum Of Folklore,Urusvati Museum Of Folklore
V Club,V Club
V'Lante Mall,V'Lante Mall
V-Square Sohna New Residential,V-Square Sohna New Residential
VATIKA BUSINESS PARK Sohna Rd,VATIKA BUSINESS PARK Sohna Rd
VIBGYOR High School,VIBGYOR High School
Vallores Pre School,Vallores Pre School
Vardaan Hospital,Vardaan Hospital
Vardaan Hospital & Trauma Centre,Vardaan Hospital & Trauma Centre
Vardaan hospital and trauma centre,Vardaan hospital and trauma centre
Vardaan Hospital and Trauma Centre,Vardaan hospital and trauma centre
Vasant Kunj,Vasant Kunj
Vatika Business Centre,Vatika Business Centre
Vatika Business Park,Vatika Business Park
Vatika Business Park Sector 49,Vatika Business Park Sector 49
Vatika City Centre,Vatika City Centre
Vatika City Centre Mall,Vatika City Centre Mall
Vatika Sector Road,Vatika Sector Road
Vatika Town Square,Vatika Town Square
Vatika Town Square-INXT,Vatika Town Square-INXT
Vatika Town Square-INXT Mall,Vatika Town Square-INXT Mall
Vedic Hospital,Vedic Hospital
Vega School,Vega School
Vega Schools NH-8,Vega Schools NH-8
Vega Schools Sector 48,Vega Schools Sector 48
Vibrant Hospital,Vibrant Hospital
Vidya Niketan Sr Sec School,Vidya Niketan Sr Sec School
Vipul Trade Business Centre,Vipul Trade Business Centre
Vipul Trade Centre,Vipul Trade Centre
Vishwas Hospital,Vishwas Hospital
Vistar Complex,Vistar Complex
Vivanta Dwarka New Delhi,"Vivanta New Delhi, Dwarka"
"Vivanta New Delhi, Dwarka","Vivanta New Delhi, Dwarka"
Vivek Model School,Vivek Model School
W Pratiksha Hospital,W Pratiksha Hospital
WTC Plaza,WTC Plaza
Western Peripheral Expressway,Western Peripheral Expressway
"Western Peripheral Expy, Gurugram","Western Peripheral Expy, Gurugram"
Westin,Westin
Windsor International School,Windsor International School
Women Police Station,Women Police Station
World Tech Park,World Tech Park
WorldMark Gurgaon,WorldMark Gurgaon
"WorldMark Gurgaon, Maidawas Rd","WorldMark Gurgaon, Maidawas Rd"
Xavier’s International,Xavier’s International
YES bank ATM,YES Bank ATM
YES Bank ATM,YES Bank ATM
Yaduvanshi Shiksha Niketan,Yaduvanshi Shiksha Niketan
Yashlok Medical Centre,Yashlok Medical Centre
Yashroop Hospital,Yashroop Hospital
YES Bank,Yes Bank
Yes Bank,Yes Bank
Yonex Badminton Stadium,Yonex Badminton Stadium
ZEN Golf Range & Academy,ZEN Golf Range & Academy
Zooper India Trampoline Park,Zooper India Trampoline Park
iGrow Montessori,iGrow Montessori
iGrow Montessori Play School,iGrow Montessori Play School
iON Digital Zone (Gurugram),iON Digital Zone (Gurugram)
"iON Digital Zone, Gurgaon","iON Digital Zone, Gurgaon"
